{"The substrate of this fungi is Unknown.": [0.015016088262200356, 0.01429955568164587, 0.044729944318532944, 0.06822949647903442, 0.015159601345658302, 0.02149171382188797, 0.0294161606580019, 0.007523196283727884, 0.0027540731243789196, 0.010023226030170918, 0.021848464384675026, 0.057774655520915985], "The substrate of this fungi is bark.": [-0.18330027163028717, 0.002603332046419382, -0.047783393412828445, -0.06320061534643173, 0.07235407829284668, 0.024669913575053215, 0.016313744708895683, 0.056306321173906326, -0.07165168970823288, -0.08036238700151443, -0.014817816205322742, 0.03209006041288376], "The substrate of this fungi is bark of living trees.": [-0.17130360007286072, -0.014789270237088203, -0.03892870992422104, -0.08707471191883087, 0.09745967388153076, 0.0678204819560051, -0.003652415703982115, 0.03872397914528847, -0.01509083155542612, -0.023622415959835052, -0.06029830873012543, -0.005245831795036793], "The substrate of this fungi is catkins.": [0.13064393401145935, 0.24172618985176086, -0.009323888458311558, -0.22239607572555542, 0.0427740179002285, -0.051463015377521515, 0.09816613048315048, -0.054978061467409134, -0.0014608402270823717, 0.02861948125064373, 0.016155749559402466, 0.009247423149645329], "The substrate of this fungi is cones.": [0.043853480368852615, 0.1916578710079193, 0.020641077309846878, 0.015046476386487484, -0.03782062232494354, -0.072773277759552, -0.2008543312549591, 0.07998187094926834, -0.03966868296265602, 0.02484341710805893, -0.016930943354964256, 0.0037228779401630163], "The substrate of this fungi is dead stems of herbs, grass etc.": [0.09070120751857758, -0.15320073068141937, 0.12406103312969208, -0.062463607639074326, -0.0056246425956487656, -0.049395233392715454, -0.027661988511681557, -0.025045137852430344, -0.02047276310622692, -0.033822644501924515, 0.007584265898913145, -0.01159475278109312], "The substrate of this fungi is dead wood (including bark).": [-0.21137399971485138, -0.036201685667037964, -0.05541850998997688, -0.03605829179286957, 0.0387520007789135, -0.05001956224441528, -0.0428750216960907, -0.06718316674232483, -0.01881045289337635, 0.011880987323820591, 0.06634864211082458, -0.01254157442599535], "The substrate of this fungi is faeces.": [0.03919919952750206, 0.002968489658087492, 0.05842413008213043, 0.07657188177108765, 0.013917742297053337, -0.011685187928378582, 0.090830497443676, 0.07855851203203201, -0.10788029432296753, 0.04022112861275673, 0.008908156305551529, -0.1015372946858406], "The substrate of this fungi is fire spot.": [-0.011855029501020908, 0.08977770805358887, -0.014601641334593296, 0.16565200686454773, -0.01557465735822916, -0.03691698610782623, 0.0133841373026371, -0.15252140164375305, -0.04095393791794777, -0.04797698184847832, -0.09906170517206192, -0.015166332013905048], "The substrate of this fungi is fruits.": [0.04189059138298035, 0.11454587429761887, 0.04598335921764374, 0.06028879061341286, 0.06758766621351242, 0.046495940536260605, -0.00048519496340304613, 0.04146866127848625, 0.13614937663078308, -0.09278684854507446, 0.03205673024058342, -0.0682794600725174], "The substrate of this fungi is fungi.": [0.027824265882372856, 0.03209919109940529, 0.03286904841661453, 0.08470176160335541, 0.023255687206983566, 0.011866704560816288, 0.024127859622240067, 0.008586021140217781, 0.008590569719672203, 0.004578510764986277, 0.02017383463680744, 0.03832670673727989], "The substrate of this fungi is leaf or needle litter.": [0.010220824740827084, 0.010163945145905018, -0.009465524926781654, -0.047068074345588684, -0.15163764357566833, 0.16558723151683807, -0.025754131376743317, -0.052819304168224335, -0.04357609152793884, 0.01259178202599287, 0.051319368183612823, -0.0344562828540802], "The substrate of this fungi is living leaves.": [0.045392997562885284, 0.02305283583700657, 0.0020369086414575577, -0.00564553402364254, -0.027968604117631912, 0.14543724060058594, -0.045096077024936676, -0.02119576744735241, 0.012926450930535793, 0.01796134002506733, -0.012960871681571007, 0.03304414451122284], "The substrate of this fungi is living stems of herbs, grass etc.": [0.10720019042491913, -0.1245778277516365, 0.10304500162601471, -0.06971423327922821, 0.01184902060776949, -0.025697479024529457, -0.03541785851120949, -0.0276035089045763, 0.006144304759800434, -0.030351610854268074, -0.011634078808128834, 0.013599294237792492], "The substrate of this fungi is mosses.": [0.1504010707139969, -0.05374981835484505, -0.23770809173583984, 0.020051205530762672, 0.010810201987624168, -0.030205557122826576, -0.008160855621099472, 0.008298387750983238, 0.01952509395778179, -0.024934446439146996, 0.002718505449593067, 0.013847418129444122], "The substrate of this fungi is other substrate.": [0.015474315732717514, -0.0007462103385478258, 0.0449359230697155, 0.09493827819824219, 0.01478179357945919, 0.012308000586926937, 0.045325037091970444, 0.012292755767703056, -0.002075269352644682, 0.014218132942914963, 0.021549297496676445, 0.04308699443936348], "The substrate of this fungi is peat mosses.": [0.1503206342458725, -0.11359632015228271, -0.23048105835914612, 0.010555066168308258, 0.0018990796525031328, -0.0064164805226027966, 0.00547433877363801, 0.02963637188076973, -0.0013286118628457189, 0.02443057857453823, -0.007704580202698708, -0.016777193173766136], "The substrate of this fungi is soil.": [-0.002899687271565199, -0.007247022353112698, 0.06097610294818878, 0.05787961184978485, -0.004043942783027887, 0.003948954399675131, 0.058050770312547684, 0.054759569466114044, 0.010927395895123482, 0.05858089029788971, -0.02349703013896942, 0.06023208796977997], "The substrate of this fungi is stems of herbs, grass etc.": [0.10064226388931274, -0.12944947183132172, 0.11791179329156876, -0.049555763602256775, 0.005530358757823706, -0.02909010648727417, -0.015933915972709656, -0.0007528223795816302, -0.006832083221524954, -0.031154420226812363, -0.0012466153129935265, 0.0014934649225324392], "The substrate of this fungi is wood.": [-0.14361843466758728, -0.014066889882087708, -0.02299141325056553, 0.07117285579442978, 0.0065312618389725685, -0.06902696192264557, -0.011150908656418324, -0.037043407559394836, 0.02236260287463665, 0.021750086918473244, 0.10897497832775116, 0.002207689918577671], "The substrate of this fungi is wood and roots of living trees.": [-0.0970727726817131, -0.06930489093065262, 0.024760831147432327, -0.031039007008075714, 0.07057599723339081, 0.006389078684151173, -0.02826850488781929, -0.02791461907327175, 0.08837466686964035, 0.12088345736265182, -0.07023175805807114, -0.04175245389342308], "The substrate of this fungi is wood chips or mulch.": [-0.1473572552204132, -0.005964961834251881, -0.013673515059053898, -0.050871625542640686, -0.2505684792995453, -0.07332555204629898, 0.06422249227762222, 0.050921447575092316, 0.06204710900783539, -0.02557140402495861, -0.039254266768693924, -0.0013217413797974586]}